Scientific_name;Genera_timediv;Log_body_size ;log_lengthsize;Species_richness;log_speciesrich
Aculeola nigra;NA;NA;4.094344562;1.00;1.00
Aetobatus ocellatus;370.33;7.176942769;5.029129877;4.00;1.39
Alopias vulpinus;60.2;6.505761582;6.276643489;3.00;1.098612289
Alopias pelagicus;60.2;6.505761582;6.276643489;3.00;1.098612289
Alopias superciliosus;60.2;6.505761582;6.276643489;3.00;1.098612289
Amblyraja taaf;NA;8.266398109;4.537961436;10.00;2.302585093
Amblyraja badia;NA;8.266398109;4.537961436;10.00;2.302585093
Amblyraja hyperborea;NA;8.266398109;4.537961436;10.00;2.302585093
Amblyraja jenseni;NA;8.266398109;4.537961436;10.00;2.302585093
Amblyraja georgiana;NA;8.266398109;4.537961436;10.00;2.302585093
Amblyraja radiata;NA;8.266398109;4.537961436;10.00;2.302585093
Anoxypristis cuspidata;NA;1.008113212;6.152732695;1.00;0
Apristurus manis;NA;2.942809872;4.218036035;39.00;3.663561646
Apristurus microps;NA;2.942809872;4.218036035;39.00;3.663561646
Apristurus ampliceps;NA;2.942809872;4.218036035;39.00;3.663561646
Apristurus albisoma;NA;2.942809872;4.218036035;39.00;3.663561646
Apristurus profundorum;NA;2.942809872;4.218036035;39.00;3.663561646
Apristurus pinguis;NA;2.942809872;4.218036035;39.00;3.663561646
Apristurus fedorovi;NA;2.942809872;4.218036035;39.00;3.663561646
Apristurus kampae;NA;2.942809872;4.218036035;39.00;3.663561646
Apristurus longicephalus;NA;2.942809872;4.218036035;39.00;3.663561646
Apristurus australis;NA;2.942809872;4.218036035;39.00;3.663561646
Apristurus sinensis;NA;2.942809872;4.218036035;39.00;3.663561646
Apristurus platyrhynchus;NA;2.942809872;4.218036035;39.00;3.663561646
Apristurus melanoasper;NA;2.942809872;4.218036035;39.00;3.663561646
Apristurus laurussonii;NA;2.942809872;4.218036035;39.00;3.663561646
Apristurus brunneus;NA;2.942809872;4.218036035;39.00;3.663561646
Apristurus japonicus;NA;2.942809872;4.218036035;39.00;3.663561646
Apristurus exsanguis;NA;2.942809872;4.218036035;39.00;3.663561646
Aptychotrema vincentiana;NA;NA;4.494238625;4.00;1.386294361
Aptychotrema rostrata;NA;NA;4.494238625;4.00;1.386294361
Arhynchobatis asperrimus;NA;NA;4.317488114;1.00;0
Asymbolus rubiginosus;0.33;NA;4.001863709;9.00;2.197224577
Asymbolus parvus;0.33;NA;4.001863709;9.00;2.197224577
Asymbolus analis;0.33;NA;4.001863709;9.00;2.197224577
Atelomycterus baliensis;110;NA;3.957951937;6.00;1.791759469
Atelomycterus marmoratus;110;NA;3.957951937;6.00;1.791759469
Atelomycterus fasciatus;110;NA;3.957951937;6.00;1.791759469
Atelomycterus marnkalha;110;NA;3.957951937;6.00;1.791759469
Atlantoraja cyclophora;NA;NA;4.658236907;3.00;1.098612289
Atlantoraja castelnaui;NA;NA;4.658236907;3.00;1.098612289
Aulohalaelurus kanakorum;118;NA;4.290459441;2.00;0.693147181
Aulohalaelurus labiosus;118;NA;4.290459441;2.00;0.693147181
Bathyraja brachyurops;NA;6.294790403;4.702296897;3.00;1.098612289
Bathyraja eatonii;NA;6.294790403;4.702296897;53.00;3.970291914
Bathyraja albomaculata;NA;6.294790403;4.702296897;53.00;3.970291914
Bathyraja meridionalis;NA;6.294790403;4.702296897;53.00;3.970291914
Bathyraja griseocauda;NA;6.294790403;4.702296897;53.00;3.970291914
Bathyraja cousseauae;NA;6.294790403;4.702296897;53.00;3.970291914
Bathyraja scaphiops;NA;6.294790403;4.702296897;53.00;3.970291914
Bathyraja pallida;NA;6.294790403;4.702296897;53.00;3.970291914
Bathyraja abyssicola;NA;6.294790403;4.702296897;53.00;3.970291914
Bathyraja aleutica;NA;6.294790403;4.702296897;53.00;3.970291914
Bathyraja leucomelanos;NA;6.294790403;4.702296897;53.00;3.970291914
Bathyraja irrasa;NA;6.294790403;4.702296897;53.00;3.970291914
Bathyraja murrayi;NA;6.294790403;4.702296897;53.00;3.970291914
Bathyraja spinicauda;NA;6.294790403;4.702296897;53.00;3.970291914
Bathyraja shuntovi;NA;6.294790403;4.702296897;53.00;3.970291914
Bathyraja maccaini;NA;6.294790403;4.702296897;53.00;3.970291914
Bathyraja richardsoni;NA;6.294790403;4.702296897;53.00;3.970291914
Bathyraja maculata;NA;6.294790403;4.702296897;53.00;3.970291914
Bathyraja matsubarai;NA;6.294790403;4.702296897;53.00;3.970291914
Bathyraja panthera;NA;6.294790403;4.702296897;53.00;3.970291914
Bathyraja parmifera;NA;6.294790403;4.702296897;53.00;3.970291914
Bathyraja simoterus;NA;6.294790403;4.702296897;53.00;3.970291914
Bathyraja smirnovi;NA;6.294790403;4.702296897;53.00;3.970291914
Bathyraja minispinosa;NA;6.294790403;4.702296897;53.00;3.970291914
Bathyraja interrupta;NA;6.294790403;4.702296897;53.00;3.970291914
Bathyraja mariposa;NA;6.294790403;4.702296897;53.00;3.970291914
Bathyraja violacea;NA;6.294790403;4.702296897;53.00;3.970291914
Bathyraja taranetzi;NA;6.294790403;4.702296897;53.00;3.970291914
Bathyraja trachura;NA;6.294790403;4.702296897;53.00;3.970291914
Benthobatis kreffti;NA;NA;3.401197382;4.00;1.386294361
Brachaelurus colcloughi;293;NA;4.59511985;2.00;0.693147181
Brachaelurus waddi;293;NA;4.59511985;2.00;0.693147181
Bythaelurus canescens;3.19;NA;4.051784948;13.00;2.564949357
Bythaelurus dawsoni;3.19;NA;4.051784948;13.00;2.564949357
Brochiraja aenigma;NA;NA;3.908014984;8.00;2.079441542
Brochiraja microspinifera;NA;NA;3.908014984;8.00;2.079441542
Brochiraja albilabiata;NA;NA;3.908014984;8.00;2.079441542
Brochiraja heuresa;NA;NA;3.908014984;8.00;2.079441542
Brochiraja leviveneta;NA;NA;3.908014984;8.00;2.079441542
Brochiraja vittacauda;NA;NA;3.908014984;8.00;2.079441542
Callorhinchus capensis;NA;NA;5.443715569;3.00;1.098612289
Callorhinchus milii;NA;NA;5.443715569;3.00;1.098612289
Carcharhinus acronotus;1.2;6.457230394;5.443715569;35.00;3.555348061
Carcharhinus isodon;1.2;6.457230394;5.443715569;35.00;3.555348061
Carcharhinus sealei;1.2;6.457230394;5.443715569;35.00;3.555348061
Carcharhinus dussumieri;1.2;6.457230394;5.443715569;35.00;3.555348061
Carcharhinus borneensis;1.2;6.457230394;5.443715569;35.00;3.555348061
Carcharhinus macloti;1.2;6.457230394;5.443715569;35.00;3.555348061
Carcharhinus altimus;1.2;6.457230394;5.443715569;35.00;3.555348061
Carcharhinus plumbeus;1.2;6.457230394;5.443715569;35.00;3.555348061
Carcharhinus leucas;1.2;6.457230394;5.443715569;35.00;3.555348061
Carcharhinus brachyurus;1.2;6.457230394;5.443715569;35.00;3.555348061
Carcharhinus brevipinna;1.2;6.457230394;5.443715569;35.00;3.555348061
Carcharhinus porosus;1.2;6.457230394;5.443715569;35.00;3.555348061
Carcharhinus obscurus;1.2;6.457230394;5.443715569;35.00;3.555348061
Carcharhinus galapagensis;1.2;6.457230394;5.443715569;35.00;3.555348061
Carcharhinus longimanus;1.2;6.457230394;5.443715569;35.00;3.555348061
Carcharhinus perezii;1.2;6.457230394;5.443715569;35.00;3.555348061
Carcharhinus sorrah;1.2;6.457230394;5.443715569;35.00;3.555348061
Carcharhinus amboinensis;1.2;6.457230394;5.443715569;35.00;3.555348061
Carcharhinus amblyrhynchos;1.2;6.457230394;5.443715569;35.00;3.555348061
Carcharhinus falciformis;1.2;6.457230394;5.443715569;35.00;3.555348061
Carcharhinus albimarginatus;1.2;6.457230394;5.443715569;35.00;3.555348061
Carcharhinus tilstoni;1.2;6.457230394;5.443715569;35.00;3.555348061
Carcharhinus amblyrhynchoides;1.2;6.457230394;5.443715569;35.00;3.555348061
Carcharhinus leiodon;1.2;6.457230394;5.443715569;35.00;3.555348061
Carcharhinus limbatus;1.2;6.457230394;5.443715569;35.00;3.555348061
Carcharhinus melanopterus;1.2;6.457230394;5.443715569;35.00;3.555348061
Carcharhinus cautus;1.2;6.457230394;5.443715569;35.00;3.555348061
Carcharhinus fitzroyensis;1.2;6.457230394;5.443715569;35.00;3.555348061
Carcharhinus signatus;1.2;6.457230394;5.443715569;35.00;3.555348061
Carcharias taurus;NA;6.176371144;5.799092654;2.00;0.693147181
Carcharodon carcharias;108.5;NA;6.293419279;1.00;0
Cetorhinus maximus;52.1;8.399410156;6.802394763;1.00;0
Centrophorus harrissoni;NA;2.79143181;4.991792206;14.00;2.63905733
Centrophorus lusitanicus;NA;2.79143181;4.991792206;14.00;2.63905733
Centrophorus granulosus;NA;2.79143181;4.991792206;14.00;2.63905733
Centrophorus zeehaani;NA;2.79143181;4.991792206;14.00;2.63905733
Centrophorus atromarginatus;NA;2.79143181;4.991792206;14.00;2.63905733
Centrophorus moluccensis;NA;2.79143181;4.991792206;14.00;2.63905733
Centrophorus squamosus;NA;2.79143181;4.991792206;14.00;2.63905733
Centroscyllium granulatum;NA;NA;4.046553898;7.00;1.945910149
Centroscyllium nigrum;NA;NA;4.046553898;7.00;1.945910149
Centroscyllium fabricii;NA;NA;4.046553898;7.00;1.945910149
Centroscyllium ritteri;NA;NA;4.046553898;7.00;1.945910149
Centroscymnus coelolepis;NA;NA;4.736198448;5.00;1.609437912
Centroscymnus crepidater;NA;NA;4.736198448;5.00;1.609437912
Centroscymnus macracanthus;NA;NA;4.736198448;5.00;1.609437912
Centroscymnus owstonii;NA;NA;4.736198448;5.00;1.609437912
Centroscymnus plunketi;NA;NA;4.736198448;5.00;1.609437912
Centroselachus crepidater;NA;NA;4.65396035;1.00;0
Cephaloscyllium speccum;240;NA;4.483341478;17.00;2.833213344
Cephaloscyllium pictum;240;NA;4.483341478;17.00;2.833213344
Cephaloscyllium hiscosellum;240;NA;4.483341478;17.00;2.833213344
Cephaloscyllium albipinnum;240;NA;4.483341478;17.00;2.833213344
Cephaloscyllium sufflans;240;NA;4.483341478;17.00;2.833213344
Cephaloscyllium laticeps;240;NA;4.483341478;17.00;2.833213344
Cephaloscyllium variegatum;240;NA;4.483341478;17.00;2.833213344
Cephaloscyllium umbratile;240;NA;4.483341478;17.00;2.833213344
Cephaloscyllium silasi;240;NA;4.483341478;17.00;2.833213344
Cephaloscyllium ventriosum;240;NA;4.483341478;17.00;2.833213344
Chaenogaleus macrostoma;NA;NA;4.605170186;1.00;0
Carcharodon carcharias;NA;NA;6.293419279;1.00;0
Chiloscyllium indicum;NA;NA;4.396915247;8.00;2.079441542
Chiloscyllium plagiosum;NA;NA;4.396915247;8.00;2.079441542
Chiloscyllium punctatum;NA;NA;4.396915247;8.00;2.079441542
Chiloscyllium griseum;NA;NA;4.396915247;8.00;2.079441542
Chiloscyllium hasseltii;NA;NA;4.396915247;8.00;2.079441542
Chimaera panthera;NA;3.002152841;4.821893169;19.00;2.944438979
Chimaera lignaria;NA;3.002152841;4.821893169;19.00;2.944438979
Chimaera fulva;NA;3.002152841;4.821893169;19.00;2.944438979
Chimaera monstrosa;NA;3.002152841;4.821893169;19.00;2.944438979
Chimaera phantasma;NA;3.002152841;4.821893169;19.00;2.944438979
Chlamydoselachus anguineus;NA;NA;5.298317367;2.00;0.693147181
Cirrhigaleus barbifer;NA;NA;4.812184355;3.00;1.098612289
Cirrhigaleus asper;NA;NA;4.787491743;3.00;1.098612289
Cruriraja hulleyi;NA;NA;4.036008985;8.00;2.079441542
Cruriraja parcomaculata;NA;NA;4.036008985;8.00;2.079441542
Dalatias licha;NA;6.269886847;5.204006687;1.00;0
Dasyatis thetidis;NA;5.936559267;5.537334267;12.00;2.48490665
Dasyatis centroura;NA;5.936559267;5.537334267;12.00;2.48490665
Dasyatis brevicaudata;NA;5.936559267;5.537334267;12.00;2.48490665
Dasyatis fluviorum;NA;5.936559267;5.537334267;12.00;2.48490665
Dasyatis akajei;NA;5.936559267;5.537334267;12.00;2.48490665
Dasyatis marmorata;NA;5.936559267;5.537334267;12.00;2.48490665
Dasyatis longa;NA;5.936559267;5.537334267;12.00;2.48490665
Dasyatis brevis;NA;5.936559267;5.537334267;12.00;2.48490665
Dasyatis microps;NA;5.936559267;5.537334267;12.00;2.48490665
Deania calcea;NA;NA;4.553876892;4.00;1.386294361
Deania hystricosa;NA;NA;4.553876892;4.00;1.386294361
Deania profundorum;NA;NA;4.553876892;4.00;1.386294361
Dipturus confusus;NA;6.140943165;4.811371017;41.00;3.713572067
Dipturus cerva;NA;6.140943165;4.811371017;41.00;3.713572067
Dipturus australis;NA;6.140943165;4.811371017;41.00;3.713572067
Dipturus gudgeri;NA;6.140943165;4.811371017;41.00;3.713572067
Dipturus canutus;NA;6.140943165;4.811371017;41.00;3.713572067
Dipturus innominatus;NA;6.140943165;4.811371017;41.00;3.713572067
Dipturus tengu;NA;6.140943165;4.811371017;41.00;3.713572067
Dipturus healdi;NA;6.140943165;4.811371017;41.00;3.713572067
Dipturus argentinensis;NA;6.140943165;4.811371017;41.00;3.713572067
Dipturus leptocauda;NA;6.140943165;4.811371017;41.00;3.713572067
Dipturus springeri;NA;6.140943165;4.811371017;41.00;3.713572067
Dipturus oxyrinchus;NA;6.140943165;4.811371017;41.00;3.713572067
Dipturus batis;NA;6.140943165;4.811371017;41.00;3.713572067
Dipturus nidarosiensis;NA;6.140943165;4.811371017;41.00;3.713572067
Dipturus laevis;NA;6.140943165;4.811371017;41.00;3.713572067
Dipturus campbelli;NA;6.140943165;4.811371017;41.00;3.713572067
Dipturus kwangtungensis;NA;6.140943165;4.811371017;41.00;3.713572067
Dipturus whitleyi;NA;6.140943165;4.811371017;41.00;3.713572067
Discopyge tschudii;NA;NA;3.985273467;2.00;0.693147181
Echinorhinus cookei;NA;NA;5.872117789;2.00;0.693147181
Echinorhinus brucus;NA;NA;5.872117789;2.00;0.693147181
Eridacnis barbouri;185.82;NA;4.465908119;3.00;1.098612289
Eridacnis radcliffei;185.82;NA;4.465908119;3.00;1.098612289
Eridacnis sinuans;185.82;NA;4.465908119;3.00;1.098612289
Etmopterus bigelowi;NA;2.920952258;3.824284091;40.00;3.688879454
Etmopterus pusillus;NA;2.920952258;3.824284091;40.00;3.688879454
Etmopterus sentosus;NA;2.920952258;3.824284091;40.00;3.688879454
Etmopterus pseudosqualiolus;NA;2.920952258;3.824284091;40.00;3.688879454
Etmopterus fusus;NA;2.920952258;3.824284091;40.00;3.688879454
Etmopterus splendidus;NA;2.920952258;3.824284091;40.00;3.688879454
Etmopterus dislineatus;NA;2.920952258;3.824284091;40.00;3.688879454
Etmopterus molleri;NA;2.920952258;3.824284091;40.00;3.688879454
Etmopterus lucifer;NA;2.920952258;3.824284091;40.00;3.688879454
Etmopterus brachyurus;NA;2.920952258;3.824284091;40.00;3.688879454
Etmopterus spinax;NA;2.920952258;3.824284091;40.00;3.688879454
Etmopterus princeps;NA;2.920952258;3.824284091;40.00;3.688879454
Etmopterus viator;NA;2.920952258;3.824284091;40.00;3.688879454
Etmopterus unicolor;NA;2.920952258;3.824284091;40.00;3.688879454
Etmopterus dianthus;NA;2.920952258;3.824284091;40.00;3.688879454
Etmopterus granulosus;NA;2.920952258;3.824284091;40.00;3.688879454
Etmopterus baxteri;NA;2.920952258;3.824284091;40.00;3.688879454
Etmopterus schultzi;NA;2.920952258;3.824284091;40.00;3.688879454
Etmopterus gracilispinis;NA;2.920952258;3.824284091;40.00;3.688879454
Etmopterus virens;NA;2.920952258;3.824284091;40.00;3.688879454
Etmopterus polli;NA;2.920952258;3.824284091;40.00;3.688879454
Eucrossorhinus dasypogon;293;NA;5.902633333;1.00;0
Euprotomicrus bispinatus;NA;NA;3.417726684;1.00;0
Eusphyra blochii;NA;NA;5.225746674;1.00;0
Figaro boardmani;0.33;NA;4.110873864;2.00;0.693147181
Furgaleus macki;2.54;4.389808775;5.075173815;1.00;0
Galeocerdo cuvier;1.13;6.981501281;6.620073207;1.00;0
Galeorhinus galeus;22;5.444367225;5.262690189;1.00;0
Galeus sauteri;0.99;3.320593349;3.90197267;18.00;2.890371758
Galeus eastmani;0.99;3.320593349;3.90197267;18.00;2.890371758
Galeus melastomus;0.99;3.320593349;3.90197267;18.00;2.890371758
Galeus polli;0.99;3.320593349;3.90197267;18.00;2.890371758
Galeus arae;0.99;3.320593349;3.90197267;18.00;2.890371758
Galeus murinus;0.99;3.320593349;3.90197267;18.00;2.890371758
Ginglymostoma cirratum;NA;5.540624946;6.063785209;2.00;0.693147181
Glaucostegus typus;NA;NA;5.598421959;6.00;1.791759469
Glyphis glyphis;0.25;NA;4.880526609;5.00;1.609437912
Glyphis garricki;0.25;NA;4.880526609;5.00;1.609437912
Glyphis fowlerae;0.25;NA;4.880526609;5.00;1.609437912
Glyphis gangeticus;0.25;NA;4.880526609;5.00;1.609437912
Gollum attenuatus;173;NA;4.672828834;2.00;0.693147181
Gymnura japonica;NA;NA;4.343805422;14.00;2.63905733
Gymnura marmorata;NA;NA;4.343805422;14.00;2.63905733
Gymnura crebripunctata;NA;NA;4.343805422;14.00;2.63905733
Halaelurus buergeri;0.64;NA;3.813307032;7.00;1.945910149
Halaelurus natalensis;0.64;NA;3.813307032;7.00;1.945910149
Halaelurus lineatus;0.64;NA;3.813307032;7.00;1.945910149
Halaelurus quagga;0.64;NA;3.813307032;7.00;1.945910149
Haploblepharus edwardsii;0.64;NA;4.077537444;4.00;1.386294361
Hemigaleus microstoma;0.62;NA;4.718498871;2.00;0.693147181
Hemigaleus australiensis;0.62;NA;4.718498871;2.00;0.693147181
Hemipristis elongata;0.92;NA;5.480638923;2.00;0.693147181
Hemiscyllium ocellatum;NA;NA;4.672828834;9.00;2.197224577
Hemitriakis japanica;2.54;NA;4.559126247;6.00;1.791759469
Hemitriakis complicofasciata;2.54;NA;4.559126247;6.00;1.791759469
Heptranchias perlo;NA;NA;4.919980926;1.00;0
Heterodontus galeatus;NA;NA;4.989071116;9.00;2.197224577
Heterodontus portusjacksoni;NA;NA;4.989071116;9.00;2.197224577
Heterodontus zebra;NA;NA;4.989071116;9.00;2.197224577
Heterodontus mexicanus;NA;NA;4.989071116;9.00;2.197224577
Heterodontus francisci;NA;NA;4.989071116;9.00;2.197224577
Hexanchus griseus;NA;7.485759441;5.802118375;2.00;0.693147181
Hexanchus nakamurai;NA;7.485759441;5.802118375;2.00;0.693147181
Hexatrygon bickelli;NA;8.325033186;4.96284463;1.00;0
Himantura fai;NA;4.362966201;5.46255981;15.00;2.708050201
Himantura undulata;NA;4.362966201;5.46255981;15.00;2.708050201
Himantura gerrardi;NA;4.362966201;5.46255981;15.00;2.708050201
Himantura pacifica;NA;4.362966201;5.46255981;15.00;2.708050201
Holohalaelurus regani;0.93;NA;4.234106505;5.00;1.609437912
Holohalaelurus punctatus;0.93;NA;4.234106505;5.00;1.609437912
Hydrolagus bemisi;NA;NA;4.630837933;26.00;3.258096538
Hydrolagus trolli;NA;NA;4.630837933;26.00;3.258096538
Hydrolagus novaezealandiae;NA;NA;4.630837933;26.00;3.258096538
Hydrolagus melanophasma;NA;NA;4.630837933;26.00;3.258096538
Hydrolagus africanus;NA;NA;4.630837933;26.00;3.258096538
Hydrolagus lemures;NA;NA;4.630837933;26.00;3.258096538
Hydrolagus colliei;NA;NA;4.630837933;26.00;3.258096538
Hypogaleus hyugaensis;22;NA;4.630837933;1.00;0
Iago garricki;133;NA;4.025351691;2.00;0.693147181
Iago omanensis;133;NA;4.025351691;2.00;0.693147181
Insentiraja laxipella;NA;NA;4.027135813;2.00;0.693147181
Insentiraja subtilispinosa;NA;NA;4.027135813;2.00;0.693147181
Irolita waitii;NA;NA;3.860729711;2.00;0.693147181
Irolita westraliensis;NA;NA;3.860729711;2.00;0.693147181
Isistius brasiliensis;NA;NA;3.737669618;2.00;0.693147181
Isogomphodon oxyrhynchus;0.39;NA;5.075173815;1.00;0
Isurus paucus;108.55;7.121325613;6.012491914;2.00;0.693147181
Isurus oxyrinchus;108.55;7.121325613;6.012491914;2.00;0.693147181
Lamiopsis tephrodes;0.25;NA;5.004617222;2.00;0.693147181
Lamiopsis temminckii;0.25;NA;5.004617222;2.00;0.693147181
Lamna ditropis;251.85;6.42700711;5.791488055;2.00;0.693147181
Lamna nasus;251.85;6.42700711;5.791488055;2.00;0.693147181
Leptocharias smithii;1.13;NA;4.343805422;1.00;0
Leucoraja melitensis;NA;NA;4.491777499;15.00;2.708050201
Leucoraja naevus;NA;NA;4.491777499;15.00;2.708050201
Leucoraja wallacei;NA;NA;4.491777499;15.00;2.708050201
Leucoraja circularis;NA;NA;4.491777499;15.00;2.708050201
Leucoraja fullonica;NA;NA;4.491777499;15.00;2.708050201
Leucoraja ocellata;NA;NA;4.491777499;15.00;2.708050201
Leucoraja erinacea;NA;NA;4.491777499;15.00;2.708050201
Loxodon macrorhinus;0.36;NA;4.584967479;1.00;0
Malacoraja spinacidermis;NA;NA;4.182050143;4.00;1.386294361
Malacoraja senta;NA;NA;4.182050143;4.00;1.386294361
Manta alfredi;NA;NA;6.214608098;2.00;0.693147181
Megachasma pelagios;NA;NA;6.308098442;1.00;0
Miroscyllium sheikoi;NA;NA;3.761200116;1.00;0
Mitsukurina owstoni;NA;NA;6.424869024;1.00;0
Mobula alfredi ;NA;7.661195222;5.686975356;11.00;2.397895273
Mobula birostris ;NA;7.661195222;5.686975356;11.00;2.397895273
Mobula eregoodootenkee;NA;7.661195222;5.686975356;11.00;2.397895273
Mobula hypostoma;NA;7.661195222;5.686975356;11.00;2.397895273
Mobula japanica;NA;7.661195222;5.686975356;11.00;2.397895273
Mobula kuhlii;NA;7.661195222;5.686975356;11.00;2.397895273
Mobula mobular;NA;7.661195222;5.686975356;11.00;2.397895273
Mobula munkiana;NA;7.661195222;5.686975356;11.00;2.397895273
Mobula rochebrunei;NA;7.661195222;5.686975356;11.00;2.397895273
Mobula tarapacana;NA;7.661195222;5.686975356;11.00;2.397895273
Mobula thurstoni;NA;7.661195222;5.686975356;11.00;2.397895273
Mustelus ravidus;0.17;4.633234792;4.872904621;28.00;3.33220451
Mustelus mosis;0.17;4.633234792;4.872904621;28.00;3.33220451
Mustelus lunulatus;0.17;4.633234792;4.872904621;28.00;3.33220451
Mustelus griseus;0.17;4.633234792;4.872904621;28.00;3.33220451
Mustelus mustelus;0.17;4.633234792;4.872904621;28.00;3.33220451
Mustelus californicus;0.17;4.633234792;4.872904621;28.00;3.33220451
Mustelus norrisi;0.17;4.633234792;4.872904621;28.00;3.33220451
Mustelus albipinnis;0.17;4.633234792;4.872904621;28.00;3.33220451
Mustelus henlei;0.17;4.633234792;4.872904621;28.00;3.33220451
Mustelus canis;0.17;4.633234792;4.872904621;28.00;3.33220451
Mustelus sinusmexicanus;0.17;4.633234792;4.872904621;28.00;3.33220451
Mustelus punctulatus;0.17;4.633234792;4.872904621;28.00;3.33220451
Mustelus lenticulatus;0.17;4.633234792;4.872904621;28.00;3.33220451
Mustelus antarcticus;0.17;4.633234792;4.872904621;28.00;3.33220451
Mustelus stevensi;0.17;4.633234792;4.872904621;28.00;3.33220451
Mustelus asterias;0.17;4.633234792;4.872904621;28.00;3.33220451
Mustelus palumbes;0.17;4.633234792;4.872904621;28.00;3.33220451
Mustelus manazo;0.17;4.633234792;4.872904621;28.00;3.33220451
Mustelus schmitti;0.17;4.633234792;4.872904621;28.00;3.33220451
Myliobatis tobijei;393;6.095295633;4.744932128;12.00;2.48490665
Myliobatis goodei;393;6.095295633;4.744932128;12.00;2.48490665
Myliobatis aquila;393;6.095295633;4.744932128;12.00;2.48490665
Myliobatis australis;393;6.095295633;4.744932128;12.00;2.48490665
Myliobatis californica;393;6.095295633;4.744932128;12.00;2.48490665
Myliobatis chilensis;393;6.095295633;4.744932128;12.00;2.48490665
Myliobatis freminvillei;393;6.095295633;4.744932128;12.00;2.48490665
Myliobatis hamlyni ;393;6.095295633;4.744932128;12.00;2.48490665
Myliobatis peruvianus;393;6.095295633;4.744932128;12.00;2.48490665
Myliobatis ridens;393;6.095295633;4.744932128;12.00;2.48490665
Myliobatis longirostris;393;6.095295633;4.744932128;12.00;2.48490665
Narcine timlei;NA;2.280112237;3.583518938;21.00;3.044522438
Narcine entemedor;NA;2.280112237;3.583518938;21.00;3.044522438
Narcine brunnea;NA;2.280112237;3.583518938;21.00;3.044522438
Narcine westraliensis;NA;2.280112237;3.583518938;21.00;3.044522438
Narcine lasti;NA;2.280112237;3.583518938;21.00;3.044522438
Narcine tasmaniensis;NA;2.280112237;3.583518938;21.00;3.044522438
Narcine atzi;NA;2.280112237;3.583518938;21.00;3.044522438
Narcine insolita;NA;2.280112237;3.583518938;21.00;3.044522438
Narcine maculata;NA;2.280112237;3.583518938;21.00;3.044522438
Narcine nelsoni ;NA;2.280112237;3.583518938;21.00;3.044522438
Narcine bancroftii;NA;2.280112237;3.583518938;21.00;3.044522438
Narcine brasiliensis;NA;2.280112237;3.583518938;21.00;3.044522438
Narcine ornata;NA;2.280112237;3.583518938;21.00;3.044522438
Narcine rierai;NA;2.280112237;3.583518938;21.00;3.044522438
Narcine vermiculatus ;NA;2.280112237;3.583518938;21.00;3.044522438
Narcine leoparda ;NA;2.280112237;3.583518938;21.00;3.044522438
Narcine lingula ;NA;2.280112237;3.583518938;21.00;3.044522438
Narcine oculifera ;NA;2.280112237;3.583518938;21.00;3.044522438
Narke japonica;NA;NA;3.465735903;3.00;1.098612289
Narke capensis;NA;NA;3.465735903;3.00;1.098612289
Narke dipterygia;NA;NA;3.465735903;3.00;1.098612289
Nasolamia velox;0.22;NA;5.010635294;1.00;0
Nebrius ferrugineus;NA;NA;5.768320996;1.00;0
Negaprion brevirostris;0.37;6.23495524;5.886104031;2.00;0.693147181
Negaprion acutidens;0.37;6.23495524;5.886104031;2.00;0.693147181
Neoharriotta pinnata;NA;NA;4.86753445;1.00;0
Neoraja caerulea;NA;NA;3.445214267;5.00;1.609437912
Neoraja iberica;NA;NA;3.445214267;5.00;1.609437912
Neotrygon kuhlii;NA;NA;4.051784948;8.00;2.079441542
Neotrygon annotata;NA;NA;4.051784948;8.00;2.079441542
Notoraja azurea;NA;NA;4.166665224;12.00;2.48490665
Notorynchus cepedianus;NA;5.876801639;5.703782475;1.00;0
Odontaspis ferox;10.7;6.561690053;6.012491914;2.00;0.693147181
Odontaspis noronhai;10.7;6.561690053;6.012491914;2.00;0.693147181
Okamejei meerdervoortii;NA;NA;3.526360525;13.00;2.564949357
Okamejei hollandi;NA;NA;3.526360525;13.00;2.564949357
Okamejei arafurensis;NA;NA;3.526360525;13.00;2.564949357
Okamejei cairae ;NA;NA;3.526360525;13.00;2.564949357
Okamejei heemstrai ;NA;NA;3.526360525;13.00;2.564949357
Okamejei leptoura;NA;NA;3.526360525;13.00;2.564949357
Okamejei ornata ;NA;NA;3.526360525;13.00;2.564949357
Okamejei pita ;NA;NA;3.526360525;13.00;2.564949357
Okamejei schmidti;NA;NA;3.526360525;13.00;2.564949357
Orectolobus maculatus;246;NA;5.007965066;10.00;2.302585093
Orectolobus leptolineatus;246;NA;5.007965066;10.00;2.302585093
Orectolobus japonicus;246;NA;5.007965066;10.00;2.302585093
Orectolobus parvimaculatus;246;NA;5.007965066;10.00;2.302585093
Orectolobus hutchinsi;246;NA;5.007965066;10.00;2.302585093
Orectolobus ornatus;246;NA;5.007965066;10.00;2.302585093
Orectolobus wardi;246;NA;5.007965066;10.00;2.302585093
Orectolobus floridus;246;NA;5.007965066;10.00;2.302585093
Oxynotus paradoxus;NA;NA;4.532599493;5.00;1.609437912
Oxynotus centrina;NA;NA;4.532599493;5.00;1.609437912
Oxynotus caribbaeus;NA;NA;4.532599493;5.00;1.609437912
Oxynotus japonicus;NA;NA;4.532599493;5.00;1.609437912
Pavoraja nitida;NA;NA;3.526360525;6.00;1.791759469
Pavoraja alleni;NA;NA;3.526360525;6.00;1.791759469
Pavoraja arenaria;NA;NA;3.526360525;6.00;1.791759469
Pavoraja mosaica;NA;NA;3.526360525;6.00;1.791759469
Pavoraja pseudonitida;NA;NA;3.526360525;6.00;1.791759469
Paragaleus pectoralis;0.62;NA;4.624972813;6.00;1.791759469
Paragaleus leucolomatus;0.62;NA;4.624972813;6.00;1.791759469
Paragaleus randalli ;0.62;NA;4.624972813;6.00;1.791759469
Paragaleus tengi ;0.62;NA;4.624972813;6.00;1.791759469
Parascyllium collare;NA;NA;4.317488114;5.00;1.609437912
Parascyllium elongatum;NA;NA;4.317488114;5.00;1.609437912
Parascyllium ferrugineum ;NA;NA;4.317488114;5.00;1.609437912
Parascyllium variolatum ;NA;NA;4.317488114;5.00;1.609437912
Parmaturus xaniurus;0.19;NA;3.951243719;9.00;2.197224577
Parmaturus albimarginatus;0.19;NA;3.951243719;9.00;2.197224577
Parmaturus bigus;0.19;NA;3.951243719;9.00;2.197224577
Parmaturus campechiensis;0.19;NA;3.951243719;9.00;2.197224577
Parmaturus lanatus ;0.19;NA;3.951243719;9.00;2.197224577
Parmaturus macmillani;0.19;NA;3.951243719;9.00;2.197224577
Parmaturus melanobranchus;0.19;NA;3.951243719;9.00;2.197224577
Parmaturus xaniurus;0.19;NA;3.951243719;9.00;2.197224577
Pastinachus sephen ;NA;NA;5.209486153;1.00;0
Paratrygon aiereba;NA;5.164785974;4.382026635;1.00;0
Platyrhina sinensis;NA;NA;4.219507705;4.00;1.386294361
Platyrhinoidis triseriata;NA;NA;4.510859507;1.00;0
Plesiobatis daviesi;NA;NA;5.598421959;1.00;0
Pliotrema warreni;NA;NA;5.135798437;1.00;0
Poroderma africanum;240;NA;4.527208645;2.00;0.693147181
Poroderma pantherinum;240;NA;4.527208645;2.00;0.693147181
Prionace glauca;0.17;6.243827037;5.991464547;1.00;0
Pristiophorus nudipinnis;NA;NA;4.644390899;7.00;1.945910149
Pristiophorus cirratus;NA;NA;4.644390899;7.00;1.945910149
Pristiophorus japonicus;NA;NA;4.644390899;7.00;1.945910149
Pristiophorus lanae ;NA;NA;4.644390899;7.00;1.945910149
Pristiophorus nudipinnis;NA;NA;4.644390899;7.00;1.945910149
Pristiophorus schroederi ;NA;NA;4.644390899;7.00;1.945910149
Pristiophorus nancyae;NA;NA;4.644390899;7.00;1.945910149
Pristis pectinata;NA;6.759089807;6.390240667;6.00;1.791759469
Pristis zijsron;NA;6.759089807;6.390240667;6.00;1.791759469
Pristis clavata;NA;6.759089807;6.390240667;6.00;1.791759469
Pristis microdon;NA;6.759089807;6.390240667;6.00;1.791759469
Pristis perotteti;NA;6.759089807;6.390240667;6.00;1.791759469
Proscyllium habereri;13.24;NA;4.007333185;3.00;1.098612289
Proscyllium magnificum;13.24;NA;4.007333185;3.00;1.098612289
Proscyllium venustum;13.24;NA;4.007333185;3.00;1.098612289
Psammobatis lentiginosa;NA;NA;3.891820298;8.00;2.079441542
Proscymnodon macracanthus;NA;NA;4.219507705;2.00;0.693147181
Pseudocarcharias kamoharai;10.7;NA;4.700480366;1.00;0
Pseudoginglymostoma brevicaudatum;NA;NA;4.317488114;1.00;0
Pseudotriakis microdon;173;NA;5.59471138;1.00;0
Pteromylaeus asperrimus;NA;NA;4.369447852;1.00;0
Pteroplatytrygon violacea;NA;NA;5.093750201;1.00;0
Potamotrygon amandae;NA;6.925029158;3.897924081;30.00;3.401197382
Potamotrygon boesemani;NA;6.925029158;3.897924081;30.00;3.401197382
Potamotrygon brachyura ;NA;6.925029158;3.897924081;30.00;3.401197382
Potamotrygon constellata;NA;6.925029158;3.897924081;30.00;3.401197382
Potamotrygon falkneri ;NA;6.925029158;3.897924081;30.00;3.401197382
Potamotrygon hystrix;NA;6.925029158;3.897924081;30.00;3.401197382
Potamotrygon leopoldi ;NA;6.925029158;3.897924081;30.00;3.401197382
Potamotrygon limai ;NA;6.925029158;3.897924081;30.00;3.401197382
Potamotrygon magdalenae ;NA;6.925029158;3.897924081;30.00;3.401197382
Potamotrygon marinae;NA;6.925029158;3.897924081;30.00;3.401197382
Potamotrygon motoro ;NA;6.925029158;3.897924081;30.00;3.401197382
Potamotrygon orbignyi;NA;6.925029158;3.897924081;30.00;3.401197382
Potamotrygon pantanensis;NA;6.925029158;3.897924081;30.00;3.401197382
Potamotrygon schroederi;NA;6.925029158;3.897924081;30.00;3.401197382
Potamotrygon schuhmacheri;NA;6.925029158;3.897924081;30.00;3.401197382
Potamotrygon scobina;NA;6.925029158;3.897924081;30.00;3.401197382
Potamotrygon signata ;NA;6.925029158;3.897924081;30.00;3.401197382
Potamotrygon tatianae;NA;6.925029158;3.897924081;30.00;3.401197382
Potamotrygon yepezi ;NA;6.925029158;3.897924081;30.00;3.401197382
Raja stellulata;NA;5.577711194;4.58169683;29.00;3.36729583
Raja rhina;NA;5.577711194;4.58169683;29.00;3.36729583
Raja inornata;NA;5.577711194;4.58169683;29.00;3.36729583
Raja binoculata;NA;5.577711194;4.58169683;29.00;3.36729583
Raja montagui;NA;5.577711194;4.58169683;29.00;3.36729583
Raja polystigma;NA;5.577711194;4.58169683;29.00;3.36729583
Raja miraletus;NA;5.577711194;4.58169683;29.00;3.36729583
Raja microocellata;NA;5.577711194;4.58169683;29.00;3.36729583
Raja brachyura;NA;5.577711194;4.58169683;29.00;3.36729583
Raja straeleni;NA;5.577711194;4.58169683;29.00;3.36729583
Raja maderensis;NA;5.577711194;4.58169683;29.00;3.36729583
Raja clavata;NA;5.577711194;4.58169683;29.00;3.36729583
Raja asterias;NA;5.577711194;4.58169683;29.00;3.36729583
Raja radula;NA;5.577711194;4.58169683;29.00;3.36729583
Raja undulata;NA;5.577711194;4.58169683;29.00;3.36729583
Raja eglanteria;NA;5.577711194;4.58169683;29.00;3.36729583
Rajella bigelowi;NA;NA;4.223909767;18.00;2.890371758
Rajella bathyphila;NA;NA;4.223909767;18.00;2.890371758
Rajella fyllae;NA;NA;4.223909767;18.00;2.890371758
Rhina ancylostoma;NA;6.109247583;5.703782475;1.00;0
Rhinochimaera africana;NA;NA;4.859812404;3.00;1.098612289
Rhinochimaera atlantica;NA;NA;4.859812404;3.00;1.098612289
Rhinochimaera pacifica;NA;NA;4.859812404;3.00;1.098612289
Rhincodon typus;NA;9.964112174;7.377758908;1.00;0
Rhinobatos thouin;NA;5.593173826;5.602118821;33.00;3.496507561
Rhinobatos cemiculus;NA;5.593173826;5.602118821;33.00;3.496507561
Rhynchobatus djiddensis;NA;5.593173826;5.602118821;33.00;3.496507561
Rhynchobatus australiae;NA;5.593173826;5.602118821;33.00;3.496507561
Rhinobatus ancylostoma;NA;5.593173826;5.602118821;33.00;3.496507561
Rhinobatos productus;NA;5.593173826;5.602118821;33.00;3.496507561
Rhinobatos glaucostigma;NA;5.593173826;5.602118821;33.00;3.496507561
Rhinobatos lentiginosus;NA;5.593173826;5.602118821;33.00;3.496507561
Rhinobatos horkelii;NA;5.593173826;5.602118821;33.00;3.496507561
Rhinobatos leucospilus;NA;5.593173826;5.602118821;33.00;3.496507561
Rhinobatos annulatus;NA;5.593173826;5.602118821;33.00;3.496507561
Rhinobatos punctifer;NA;5.593173826;5.602118821;33.00;3.496507561
Rhinobatos rhinobatos;NA;5.593173826;5.602118821;33.00;3.496507561
Rhinobatos penggali;NA;5.593173826;5.602118821;33.00;3.496507561
Rhinobatos jimbaranensis;NA;5.593173826;5.602118821;33.00;3.496507561
Rhinobatos formosensis;NA;5.593173826;5.602118821;33.00;3.496507561
Rhinoptera adspersa;NA;3.521483548;4.890349128;8.00;2.079441542
Rhinoptera bonasus;NA;3.521483548;4.890349128;8.00;2.079441542
Rhinoptera brasieliensis;NA;3.521483548;4.890349128;8.00;2.079441542
Rhinoptera javanica ;NA;3.521483548;4.890349128;8.00;2.079441542
Rhinoptera marginata;NA;3.521483548;4.890349128;8.00;2.079441542
Rhinoptera neglecta;NA;3.521483548;4.890349128;8.00;2.079441542
Rhinoptera steidachneri;NA;3.521483548;4.890349128;8.00;2.079441542
Rhinoraja kujiensis;NA;NA;4.290459441;3.00;1.098612289
Rhinoraja longicauda;NA;NA;4.290459441;3.00;1.098612289
Rhinoraja odai ;NA;NA;4.290459441;3.00;1.098612289
Rhynchobatus australiae;NA;7.041286672;5.347107531;8.00;2.079441542
Rhynchobatus cooki ;NA;7.041286672;5.347107531;8.00;2.079441542
Rhynchobatus djiddensis;NA;7.041286672;5.347107531;8.00;2.079441542
Rhynchobatus immaculatus;NA;7.041286672;5.347107531;8.00;2.079441542
Rhynchobatus laevis;NA;NA;5.347107531;8.00;2.079441542
Rhizoprionodon longurio;0.78;NA;4.743365685;7.00;1.945910149
Rhizoprionodon porosus;0.78;NA;4.743365685;7.00;1.945910149
Rhizoprionodon terraenovae;0.78;NA;4.743365685;7.00;1.945910149
Rhizoprionodon acutus;0.78;NA;4.743365685;7.00;1.945910149
Rhizoprionodon taylori;0.78;NA;4.743365685;7.00;1.945910149
Rioraja agassizii;NA;NA;3.496507561;1.00;0
Rostroraja alba;NA;NA;5.438079309;1.00;0
Schroederichthys bivius;118;NA;4.248495242;5.00;1.609437912
Scoliodon macrorhynchos;0.36;NA;4.404277244;2.00;0.693147181
Scoliodon laticaudus;0.36;NA;4.404277244;2.00;0.693147181
Scyliorhinus torazame;246;NA;4.584967479;17.00;2.833213344
Scyliorhinus canicula;246;NA;4.584967479;17.00;2.833213344
Scyliorhinus stellaris;246;NA;4.584967479;17.00;2.833213344
Scyliorhinus retifer;246;NA;4.584967479;17.00;2.833213344
Scyliorhinus capensis;246;NA;4.584967479;17.00;2.833213344
Scylliogaleus quecketti;NA;NA;4.48863637;1.00;0
Scymnodon ringens;NA;NA;4.700480366;2.00;0.693147181
Sinobatis bulbicauda;NA;NA;3.768152635;8.00;2.079441542
Somniosus antarcticus;NA;NA;6.081647971;5.00;1.609437912
Somniosus pacificus;NA;NA;6.081647971;5.00;1.609437912
Somniosus microcephalus;NA;NA;6.081647971;5.00;1.609437912
Somniosus rostratus;NA;NA;6.081647971;5.00;1.609437912
Sphyrna media;2.7;NA;5.68744982;9.00;2.197224577
Sphyrna tudes;2.7;NA;5.68744982;9.00;2.197224577
Sphyrna corona;2.7;NA;5.68744982;9.00;2.197224577
Sphyrna tiburo;2.7;NA;5.68744982;9.00;2.197224577
Sphyrna lewini;2.7;NA;5.68744982;9.00;2.197224577
Sphyrna mokarran;2.7;NA;5.68744982;9.00;2.197224577
Sphyrna zygaena;2.7;NA;5.68744982;9.00;2.197224577
Spinaraja whitleyi;NA;NA;5.135798437;1.00;0
Squaliolus aliae;NA;NA;4.33073334;2.00;0.693147181
Squalus mitsukurii;NA;NA;4.33073334;2.00;0.693147181
Squalus cubensis;NA;NA;4.33073334;2.00;0.693147181
Squalus chloroculus;NA;NA;4.33073334;2.00;0.693147181
Squalus montalbani;NA;NA;4.33073334;2.00;0.693147181
Squalus grahami;NA;NA;4.33073334;2.00;0.693147181
Squalus hemipinnis;NA;NA;4.33073334;2.00;0.693147181
Squalus edmundsi;NA;NA;4.33073334;2.00;0.693147181
Squalus japonicus;NA;NA;4.33073334;2.00;0.693147181
Squalus nasutus;NA;NA;4.33073334;2.00;0.693147181
Squalus albifrons;NA;NA;4.33073334;2.00;0.693147181
Squalus crassispinus;NA;NA;4.33073334;2.00;0.693147181
Squalus acanthias;NA;NA;4.648229675;35.00;3.555348061
Squalus suckleyi;NA;NA;4.648229675;35.00;3.555348061
Squalus brevirostris;NA;NA;4.648229675;35.00;3.555348061
Squalus megalops;NA;NA;4.648229675;35.00;3.555348061
Squalus blainville;NA;NA;4.648229675;35.00;3.555348061
Squatina legnota;NA;NA;4.913683768;24.00;3.17805383
Squatina formosa;NA;NA;4.913683768;24.00;3.17805383
Squatina tergocellatoides;NA;NA;4.913683768;24.00;3.17805383
Squatina japonica;NA;NA;4.913683768;24.00;3.17805383
Squatina squatina;NA;NA;4.913683768;24.00;3.17805383
Squatina aculeata;NA;NA;4.913683768;24.00;3.17805383
Squatina oculata;NA;NA;4.913683768;24.00;3.17805383
Squatina pseudocellata;NA;NA;4.913683768;24.00;3.17805383
Squatina tergocellata;NA;NA;4.913683768;24.00;3.17805383
Squatina albipunctata;NA;NA;4.913683768;24.00;3.17805383
Squatina australis;NA;NA;4.913683768;24.00;3.17805383
Squatina occulta;NA;NA;4.913683768;24.00;3.17805383
Squatina guggenheim;NA;NA;4.913683768;24.00;3.17805383
Squatina dumeril;NA;NA;4.913683768;24.00;3.17805383
Squatina californica;NA;NA;4.913683768;24.00;3.17805383
Squatina africana;NA;NA;4.913683768;24.00;3.17805383
Stegostoma fasciatum;NA;NA;5.869296913;1.00;0
Sympterygia acuta;NA;NA;4.317488114;4.00;1.386294361
Sympterygia bonapartii;NA;NA;4.317488114;4.00;1.386294361
Sympterygia brevicaudata;NA;NA;4.317488114;4.00;1.386294361
Sympterygia lima;NA;NA;4.317488114;4.00;1.386294361
Sutorectus tentaculatus;NA;NA;4.521788577;1.00;0
Taeniura grabata;NA;NA;5.521460918;4.00;1.386294361
Torpedo fuscomaculata;NA;NA;4.629862799;11.00;2.397895273
Torpedo torpedo;NA;NA;4.629862799;11.00;2.397895273
Torpedo sinuspersici;NA;NA;4.629862799;11.00;2.397895273
Torpedo mackayana;NA;NA;4.629862799;11.00;2.397895273
Torpedo marmorata;NA;NA;4.629862799;11.00;2.397895273
Torpedo nobiliana;NA;NA;4.629862799;11.00;2.397895273
Torpedo macneilli;NA;NA;4.629862799;11.00;2.397895273
Torpedo californica;NA;NA;4.629862799;11.00;2.397895273
Triaenodon obesus;0.98;NA;5.361292166;1.00;0
Triakis megalopterus;3.73;NA;5.093750201;5.00;1.609437912
Triakis semifasciata;3.73;NA;5.093750201;5.00;1.609437912
Triakis scyllium;3.73;NA;5.093750201;5.00;1.609437912
Trigonognathus kabeyai;NA;NA;3.850147602;1.00;0
Trygonoptera mucosa;NA;NA;3.981175864;6.00;1.791759469
Trygonoptera imitata;NA;NA;3.981175864;6.00;1.791759469
Trygonoptera testacea;NA;NA;3.981175864;6.00;1.791759469
Trygonoptera personata;NA;NA;3.981175864;6.00;1.791759469
Trygonoptera ovalis;NA;NA;3.981175864;6.00;1.791759469
Trygonorrhina fasciata;NA;NA;4.836281907;3.00;1.098612289
Typhlonarke aysoni;NA;NA;3.63758616;2.00;0.693147181
Urogymnus acanthobothrium ;NA;NA;4.727387819;7.00;1.945910149
Urogymnus asperrimus;NA;NA;4.727387819;7.00;1.945910149
Urogymnus dalyensis;NA;NA;4.727387819;7.00;1.945910149
Urogymnus granulatus;NA;NA;4.727387819;7.00;1.945910149
Urogymnus lobistoma;NA;NA;4.727387819;7.00;1.945910149
Urobatis jamaicensis;NA;NA;4.122283931;7.00;1.945910149
Urobatis concentricus;NA;NA;4.122283931;7.00;1.945910149
Urolophus halleri;NA;NA;3.889777396;22.00;3.091042453
Urolophus maculatus;NA;NA;3.889777396;22.00;3.091042453
Urolophus sufflavus;NA;NA;3.889777396;22.00;3.091042453
Urolophus cruciatus;NA;NA;3.889777396;22.00;3.091042453
Urolophus lobatus;NA;NA;3.889777396;22.00;3.091042453
Urolophus paucimaculatus;NA;NA;3.889777396;22.00;3.091042453
Urolophus kapalensis;NA;NA;3.889777396;22.00;3.091042453
Urolophus viridis;NA;NA;3.889777396;22.00;3.091042453
Urolophus expansus;NA;NA;3.889777396;22.00;3.091042453
Urolophus aurantiacus;NA;NA;3.889777396;22.00;3.091042453
Urolophus westraliensis;NA;NA;3.889777396;22.00;3.091042453
Urolophus flavomosaicus;NA;NA;3.889777396;22.00;3.091042453
Urolophus bucculentus;NA;NA;3.889777396;22.00;3.091042453
Urotrygon rogersi;NA;NA;3.832979798;13.00;2.564949357
Zameus squamulosus;NA;NA;4.430816799;2.00;0.693147181
Zapteryx brevirostris;NA;NA;3.988984047;3.00;1.098612289
Zearaja chilensis;NA;NA;4.888844237;3.00;1.098612289
Zearaja nasuta;NA;NA;4.888844237;3.00;1.098612289
Zearaja maugeana;NA;NA;4.888844237;3.00;1.098612289
Zanobatus schoenleinii;NA;NA;4.605170186;1.00;0
